cluster,lat,lon,poi_count,cluster_area_km2,education,leisure,other,religion,retail,transport,work,seniunija,seniunija_nr,total_ev_score,ev_density,population,young_share,working_share,senior_share,district_area_km2,district_pop_density,jam_score_norm,poi_total,poi_density,dist_to_existing_m,lag_neighborhood_traffic,lag_neighborhood_retail,lag_neighborhood_leisure,predicted_ev_density,demand_score,svm_label,svm_probability,svm_prediction
138,54.682079481818185,25.25456567272727,11,0.005,0,0,0,0,4,0,5,Naujamiestis,17.0,197.9651841599614,39593.03683199228,20857.0,0.255724122487824,0.6081565246599115,0.1361193528522644,4.89842788506261,4257.896714903543,0.7470964667250806,9,2200.0,266.9164372469818,0.7470964667250806,345.53274904000614,192.79536578225333,35225.13910021935,1.0,-1,0.231153971316558,0
116,54.737779422222225,25.217622688888888,9,0.0050096153630264,0,1,0,0,5,3,0,Pašilaičiai,7.0,167.9760444505963,33530.72686784458,40384.0,0.3069339905415307,0.557894269410955,0.1351717400475143,8.082061121193773,4996.7451859650155,0.4425137670544916,9,1796.5451133084468,301.41971985649417,0.4425137670544915,456.2250565597711,106.56863636384053,31036.79258082166,0.8810978004236865,-1,0.3379726502638579,1
90,54.702496725,25.30376055,8,0.005,0,3,0,0,2,3,0,Žirmūnai,2.0,175.6716310601564,35134.32621203128,43453.0,0.2329431132248033,0.57021675507591,0.1968401316992866,5.681409273017094,7648.278430911989,0.7461602624238627,8,1600.0,489.28148249028544,0.7461602624238627,236.74157695615705,238.3707884780785,30415.29944103177,0.8634543459004359,0,0.19084523145452303,0
105,54.69119991428572,25.29829895714286,7,0.005,1,0,0,0,2,1,3,Senamiestis,16.0,130.69268049616787,26138.536099233577,10158.0,0.2599523155841341,0.6226789971822845,0.1173686872335813,4.406772086999922,2305.0885771847225,0.8726525869713228,7,1400.0,646.1346901602938,0.7268555197898308,164.63084054174436,32.94657584190493,26283.56833993901,0.7461593910292136,0,0.19953125880915462,0
127,54.69462623333334,25.225920433333332,6,0.005,1,0,0,0,3,1,0,Karoliniškės,10.0,141.14675373338147,28229.350746676293,24448.0,0.2181765219924264,0.5360159793599933,0.2458074986475802,3.7638223321865,6495.524454204919,0.8197958688104301,5,1200.0,715.8187731129119,0.8197958688104301,415.691804867065,27.419286705049068,24216.14508128373,0.687467692104385,0,0.20018417975610497,0
183,54.72635726666667,25.22603365,6,0.005,0,0,0,0,2,3,0,Pašilaičiai,7.0,125.0778079029912,25015.56158059824,40384.0,0.3069339905415307,0.557894269410955,0.1351717400475143,8.082061121193773,4996.7451859650155,0.4425137670544916,5,1200.0,492.7919709027466,0.4172762903103116,212.91408948848056,10.38968917490712,23229.438799386706,0.6594562688112154,0,0.36107342624670113,1
115,54.69700153333333,25.23958805,6,0.005,0,0,0,0,0,4,2,Žvėrynas,6.0,130.49277118417763,26098.554236835524,12089.0,0.3000692520775623,0.5484764542936288,0.1514542936288088,2.6207114544034837,4612.869524299329,0.8713488905968868,6,1200.0,504.2416848540152,0.8713488905968867,169.22428053883368,100.13865871494026,23026.975934086524,0.6537085877382137,0,0.24540344628895336,0
100,54.735112333333326,25.220902183333333,6,0.005,0,1,0,0,2,3,0,Pašilaičiai,7.0,125.0778079029912,25015.56158059824,40384.0,0.3069339905415307,0.557894269410955,0.1351717400475143,8.082061121193773,4996.7451859650155,0.4425137670544916,6,1200.0,36.216613739722206,0.4425137670544915,331.9969275898675,106.66023270332256,22883.198554438495,0.6496269181317725,1,0.37777430255941463,1
110,54.724766125,25.34180975,8,0.0051535312559986,0,3,0,0,0,4,0,Antakalnis,13.0,114.7519637606728,22266.666885371844,39128.0,0.2847511312217194,0.549185520361991,0.1660633484162895,77.15186977248901,507.1555636355083,0.0,7,1552.333652908027,6.923390390211994,0.0,14.426063571773518,235.49559761391097,22632.331736273365,0.6425051061368962,1,0.45974952012183856,1
191,54.70569664,25.24206174,5,0.005,0,0,0,0,0,5,0,Šeškinė,5.0,127.8578588212446,25571.57176424892,31102.0,0.2077624052148463,0.5527471065584675,0.2394904882266861,4.46216580764561,6970.157842792147,0.7189901509724219,5,1000.0,744.9555117972601,0.7103741574659594,57.183183853056626,72.99864358128808,21766.658572484048,0.617929669789395,0,0.27070696652234083,0
178,54.71792614,25.2574935,5,0.005,0,0,0,0,1,4,0,Šeškinė,5.0,127.8578588212446,25571.57176424892,31102.0,0.2077624052148463,0.5527471065584675,0.2394904882266861,4.46216580764561,6970.157842792147,0.7189901509724219,5,1000.0,716.4374059540418,0.6207649310306282,191.34797725960496,35.799558139307656,21666.178126095183,0.6150771488638427,0,0.26850748222632176,0
186,54.67114551666666,25.29264781666667,6,0.005,0,0,0,0,3,3,0,Rasos,15.0,109.12997638566756,21825.99527713351,12361.0,0.259793501366535,0.5954296993622836,0.1447767992711812,16.19235341738865,763.3850176914843,1.0,6,1200.0,554.8671578527133,0.6615427172207222,239.70839662071307,24.11390084000654,21590.039013808855,0.6129156495985111,0,0.19084212335563439,0
24,54.64078078571429,25.13547218571429,7,0.005,0,1,0,0,0,6,0,Paneriai,20.0,102.42344902130188,20484.689804260375,8807.0,0.2650714010034735,0.6221536086453107,0.1127749903512157,78.13199109836523,112.71951317498512,0.0581114355229927,7,1400.0,2290.6474186408077,0.0581114355229927,0.0,200.0,21413.550974425052,0.607905363084619,0,0.19092267750038505,0
168,54.7001759,25.244298980000003,5,0.005,0,1,0,0,2,1,1,Žvėrynas,6.0,116.11054405983124,23222.108811966245,12089.0,0.3000692520775623,0.5484764542936288,0.1514542936288088,2.6207114544034837,4612.869524299329,0.8713488905968868,5,1000.0,258.28601090866863,0.837855964723065,129.6015558215387,66.14499572578477,20738.12003452846,0.5887306782671959,-1,0.28634146684802525,0
77,54.724232140000005,25.24968044,5,0.005,0,2,0,0,2,0,1,Fabijoniškės,4.0,115.8842926884991,23176.85853769982,37001.0,0.2531130529765155,0.541589295466958,0.2052976515565265,6.020352359924375,6145.985780882897,0.3385495510819686,5,1000.0,323.2409476593728,0.3644743299996092,176.13452728761982,146.0355936560372,20629.425750323226,0.5856449762094698,-1,0.38190323671320686,1
141,54.715917383333334,25.225034216666668,6,0.005,0,1,0,0,3,2,0,Viršuliškės,9.0,107.44511231357129,21489.022462714256,4014.037054284857,0.2267200686597053,0.542411672149907,0.2308682591903876,2.5272827250660392,1588.2817598810468,0.6271437258142741,6,1200.0,172.54390383160026,0.5113913145618718,300.7925904763256,86.77576841974846,20376.62946852618,0.5784683890261569,-1,0.40115785242046137,1
118,54.681869840000005,25.25063284,5,0.005,0,2,0,0,1,2,0,Naujamiestis,17.0,111.6718214138832,22334.36428277664,20857.0,0.255724122487824,0.6081565246599115,0.1361193528522644,4.89842788506261,4257.896714903543,0.7470964667250806,5,1000.0,38.334149929163935,0.7470964667250806,409.37437603687704,139.97181847389967,20021.32702261978,0.5683817731892251,1,0.26081485367674484,0
198,54.71324812,25.21225898,5,0.0052205692355496,2,0,0,0,0,3,0,Justiniškės,8.0,122.62688162784804,23489.17830508159,23351.0,0.2363450932990859,0.5186220442698497,0.2450328624310644,2.90271033955168,8044.550529835689,0.2334564301239184,5,957.7499644966628,374.77186790545073,0.2334564301239183,29.645044560845975,44.04626486865272,20021.109343665892,0.5683755935414098,-1,0.2936269954535869,0
190,54.73925336666667,25.216965033333334,6,0.0059553191865243,0,0,1,0,1,4,0,Pašilaičiai,7.0,111.2351065264521,18678.277862613137,40384.0,0.3069339905415307,0.557894269410955,0.1351717400475143,8.082061121193773,4996.7451859650155,0.4425137670544916,6,1007.5026731693582,451.1784596604397,0.4425137670544916,469.0160189775143,104.98548132123028,19683.08767095479,0.5587795583987408,0,0.36144430499593255,1
120,54.67119552857143,25.22106468571429,7,0.0058729461238113,0,0,0,0,6,0,1,Lazdynai,11.0,103.67107870656685,17652.312233249053,23932.0,0.2434296365330848,0.5691829760795278,0.1873873873873874,9.95551425327569,2403.8939015255382,0.1743439950603415,7,1191.9060472254575,149.18529171899388,0.1743439950603414,389.6982897020196,43.391326464863475,18883.94549114314,0.536092857927864,1,0.38040226392804716,1
187,54.72179774,25.2883736,5,0.0055243513979566,0,0,0,0,2,3,0,Žirmūnai,2.0,125.6994055144839,22753.6947705714,43453.0,0.2329431132248033,0.57021675507591,0.1968401316992866,5.681409273017094,7648.278430911989,0.7461602624238627,5,905.083626984599,287.36279127949206,0.7461602624238627,149.9449199395539,4.592764966822446,18727.119218448515,0.5316407456949376,-1,0.2766652945632349,0
171,54.67697924,25.30865934,5,0.005,0,1,0,0,1,3,0,Senamiestis,16.0,101.92822624747512,20385.645249495024,10158.0,0.2599523155841341,0.6226789971822845,0.1173686872335813,4.406772086999922,2305.0885771847225,0.8726525869713228,5,1000.0,787.4486920243345,0.8997057606822666,273.8195597494537,109.60953204850033,18723.91550608347,0.5315497960934064,0,0.18371976080476043,0
158,54.70178126666667,25.213991683333333,6,0.005973976597189,0,0,0,0,0,6,0,Viršuliškės,9.0,93.3761392534878,15630.482934503809,4014.037054284857,0.2267200686597053,0.542411672149907,0.2308682591903876,2.5272827250660392,1588.2817598810468,0.6271437258142741,6,1004.3561273445972,50.177682878527406,0.6317831689542448,83.20149636798108,47.59647981476503,17786.917778850697,0.5049495398228232,1,0.4022484987099155,1
109,54.67450564285714,25.20145132857143,7,0.0066996323454808,0,2,0,0,2,3,0,Lazdynai,11.0,93.09492146532538,13895.52689829645,23932.0,0.2434296365330848,0.5691829760795278,0.1873873873873874,9.95551425327569,2403.8939015255382,0.1743439950603415,7,1044.833453394172,29.980468451547623,0.1743439950603415,175.34783078178975,111.76316300899428,16258.518738640636,0.4615601003698916,1,0.38741128487799326,1
167,54.64708068,25.27671474,5,0.005,0,0,1,0,0,4,0,Naujininkai,19.0,76.10220162675746,15220.440325351492,30129.0,0.2088405756911899,0.6341199633953578,0.1570394609134522,44.252349054898126,680.8452125925083,0.0,5,1000.0,35.20458406643002,0.0,35.9926674420494,36.878376131777586,15762.374352524168,0.4474751485772277,1,0.1473036795229555,0
22,54.77991156,25.35990416,5,0.005,1,1,0,0,0,3,0,Verkiai,1.0,77.4975818088944,15499.516361778878,50754.0,0.277248058779327,0.5928195708441178,0.129932370376555,55.92561494759497,907.5269006439888,0.0,5,1000.0,1542.0775325446089,0.0,0.0,200.0,15498.6686359597,0.4399888554553128,0,0.24948340829934296,0
134,54.65910718,25.27861076,5,0.005,0,2,0,0,0,3,0,Naujininkai,19.0,76.10220162675746,15220.440325351492,30129.0,0.2088405756911899,0.6341199633953578,0.1570394609134522,44.252349054898126,680.8452125925083,0.0,5,1000.0,467.2421747905107,0.0,74.26669325662115,133.5959569085277,15439.181534064715,0.4383000870525611,0,0.16431205432364177,0
112,54.64241938,25.27360402,5,0.0051005346178518,0,1,0,0,0,4,0,Naujininkai,19.0,74.68478971199143,14642.541479984411,30129.0,0.2088405756911899,0.6341199633953578,0.1570394609134522,44.252349054898126,680.8452125925083,0.0,5,980.2893960370486,96.0559770060984,0.0,15.810079810280635,73.1767156143893,15345.057440447465,0.4356280154576284,1,0.15609828631839318,0
44,54.67770264000001,25.384596,5,0.005,0,0,1,0,2,1,0,Naujoji Vilnia,14.0,77.72387093352778,15544.774186705556,36502.0,0.2709707064905227,0.5830672027570362,0.1459620907524411,38.65558284421724,944.2879220604116,0.0,4,1000.0,2312.1545325343072,0.0,400.0,0.0,15147.317972105067,0.4300144260327632,0,0.22845443021117456,0
162,54.72827388,25.322309,5,0.005,0,0,0,0,0,2,3,Antakalnis,13.0,75.03302353795712,15006.604707591425,39128.0,0.2847511312217194,0.549185520361991,0.1660633484162895,77.15186977248901,507.1555636355083,0.0,5,1000.0,458.37424880767026,0.0,28.77745181632831,30.50579825059792,14904.836263636358,0.4231306573759859,0,0.3407617612395844,1
55,54.75670230000001,25.36784948,5,0.005,1,0,0,0,1,3,0,Antakalnis,13.0,75.03302353795712,15006.604707591425,39128.0,0.2847511312217194,0.549185520361991,0.1660633484162895,77.15186977248901,507.1555636355083,0.0,5,1000.0,3007.311934065978,0.0,200.0,0.0,14767.785690105102,0.4192399538320955,0,0.34987215781593795,1
63,54.714959799999995,25.13818078,5,0.005,0,1,0,0,3,1,0,Pilaitė,12.0,81.90590935183268,16381.181870366536,21798.0,0.3030134418836208,0.593024277388936,0.1039622807274431,13.93352424654988,1564.4283251164877,0.0201049035317864,5,1000.0,2007.639682274678,0.0201049035317864,600.0,200.0,14766.26078568006,0.4191966636006303,0,0.23543257756333782,0
32,54.71239426,25.41446018,5,0.0050786781832695,0,2,0,0,2,1,0,Naujoji Vilnia,14.0,76.60983351997342,15084.600905083204,36502.0,0.2709707064905227,0.5830672027570362,0.1459620907524411,38.65558284421724,944.2879220604116,0.0,5,984.5081376629284,2218.064458388116,0.0,393.80325506517136,393.80325506517136,13819.522074074186,0.3923198723149437,0,0.26169525473528554,0
185,54.720263339999995,25.31637574,5,0.0054462641210408,0,0,0,0,1,3,0,Antakalnis,13.0,69.1406615411715,12695.062157205566,39128.0,0.2847511312217194,0.549185520361991,0.1660633484162895,77.15186977248901,507.1555636355083,0.0,4,918.0605069598575,461.69765443862366,0.0,103.79848078652464,14.989184728902522,13171.569846264269,0.3739252756047242,0,0.30154812330343583,0
196,54.69026964285714,25.30660242857143,7,0.0076309913993258,1,0,0,0,0,4,0,Antakalnis,13.0,69.0868357205953,9053.454800997304,39128.0,0.2847511312217194,0.549185520361991,0.1660633484162895,77.15186977248901,507.1555636355083,0.0,5,917.3120022934964,929.0420611313236,0.5903104930631364,112.69741056207413,31.883029288319975,12374.10343694165,0.3512861482742759,0,0.33284966491918067,1
62,54.6964163,25.38141968,5,0.0058428149662155,0,0,0,0,0,3,2,Naujoji Vilnia,14.0,67.35082614433006,11527.119467888,36502.0,0.2709707064905227,0.5830672027570362,0.1459620907524411,38.65558284421724,944.2879220604116,0.0,5,855.7518985131568,1859.8746385301035,0.0,0.0,0.0,10681.625124014749,0.3032386925037929,0,0.2211524952867043,0
26,54.65255866,25.18718615,10,0.0118542310783576,0,1,0,0,0,8,1,Vilkpėdė,18.0,74.43213051648205,6278.950530361569,19310.0,0.2016750932025943,0.6008886165160104,0.1974362902813952,10.747060251439992,1796.7704235595652,0.1493562033409003,10,843.5806535151074,1274.0431637680229,0.1493562033409003,0.0,25.30741960545322,10462.016287458548,0.2970042576040076,0,0.23550388747418555,0
95,54.69740062222222,25.222130255555555,18,0.0219616321048527,0,1,0,0,10,4,2,Karoliniškės,10.0,113.79256431518898,5181.425668725462,24448.0,0.2181765219924264,0.5360159793599933,0.2458074986475802,3.7638223321865,6495.524454204919,0.8197958688104301,17,819.6112162366417,654.6196340855689,0.7820832909565322,263.3937244348911,24.780539194978353,10030.047170378388,0.2847411657294472,0,0.34638342779620696,1
101,54.70204658666667,25.211001473333333,15,0.0172316811089807,0,3,0,0,3,5,4,Viršuliškės,9.0,83.74964860613096,4860.213468231073,4014.037054284857,0.2267200686597053,0.542411672149907,0.2308682591903876,2.5272827250660392,1588.2817598810468,0.6271437258142741,15,870.4896466649672,188.29722243790013,0.5859368166774844,84.61603220160384,68.84972042240679,10004.70922789514,0.28402185153707,-1,0.475997087142713,1
175,54.69895691666667,25.216124883333332,6,0.0086221486984098,0,0,0,0,0,4,2,Karoliniškės,10.0,104.89507187480262,12165.769293001016,24448.0,0.2181765219924264,0.5360159793599933,0.2458074986475802,3.7638223321865,6495.524454204919,0.8197958688104301,6,695.8822226188922,390.6056755856955,0.7531652807525179,104.53618756380772,38.67622678032163,9414.825953019015,0.2672757636593801,-1,0.3376553693410002,1
200,54.7143274,25.23152776666667,3,0.005,0,0,0,0,0,3,0,Šeškinė,5.0,99.09340457255186,19818.680914510373,31102.0,0.2077624052148463,0.5527471065584675,0.2394904882266861,4.46216580764561,6970.157842792147,0.7189901509724219,3,600.0,194.0968744885686,0.6532419698459415,167.97140814004592,28.845683561936852,9336.90021981105,0.2650635443410615,-1,0.3340503283672029,1
193,54.66154373333333,25.265094416666667,6,0.0079649325894404,0,0,0,0,0,6,0,Naujininkai,19.0,58.36187145570994,7327.352843272503,30129.0,0.2088405756911899,0.6341199633953578,0.1570394609134522,44.252349054898126,680.8452125925083,0.0,6,753.3020440065706,502.16089439301294,0.0,119.05977746388132,21.266743429697488,9239.612767971252,0.2623016687509323,0,0.15312034905858968,0
64,54.685941279999994,25.32390078,5,0.0061203651632315,3,1,0,0,0,1,0,Rasos,15.0,81.58403614122597,13329.92950017876,12361.0,0.259793501366535,0.5954296993622836,0.1447767992711812,16.19235341738865,763.3850176914843,1.0,5,816.9447192526733,1710.9871812860606,1.0,0.0,163.38894385053464,9064.937995879847,0.2573428587489496,0,0.17944908255992983,0
108,54.71168235555555,25.255606333333333,9,0.0117925891214943,0,1,0,0,4,4,0,Šeškinė,5.0,110.82866760779692,9398.16239385378,31102.0,0.2077624052148463,0.5527471065584675,0.2394904882266861,4.46216580764561,6970.157842792147,0.7189901509724219,9,763.1911794158706,606.3061791057796,0.7189901509724217,261.6091426785663,53.67874015419997,8986.629790903982,0.2551197815099053,0,0.34577293920080093,1
161,54.70477845714286,25.235476014285716,7,0.0089741101085098,3,0,1,0,1,2,0,Viršuliškės,9.0,77.24399083326371,8607.426240515617,4014.037054284857,0.2267200686597053,0.542411672149907,0.2308682591903876,2.5272827250660392,1588.2817598810468,0.6271437258142741,7,780.0216305973527,332.3868512272426,0.6522429464089595,40.51303712601138,74.41383868167803,8107.557183821158,0.2301639508293857,-1,0.36713825357513713,1
156,54.6475684625,25.21200085,8,0.011756708991935,0,1,0,0,4,2,1,Vilkpėdė,18.0,62.70212134966826,5333.305552827867,19310.0,0.2016750932025943,0.6008886165160104,0.1974362902813952,10.747060251439992,1796.7704235595652,0.1493562033409003,8,680.4625346674762,862.6580613365849,0.1493562033409003,114.40006705532426,32.56345182443197,7923.145043296339,0.2249287084645466,0,0.20612478157361652,0
195,54.7053594,25.22009595,4,0.0070417298672449,2,0,0,0,0,2,0,Viršuliškės,9.0,62.000312052817335,8804.699018804475,4014.037054284857,0.2267200686597053,0.542411672149907,0.2308682591903876,2.5272827250660392,1588.2817598810468,0.6271437258142741,4,568.0422389683365,281.67887859739204,0.5855109381103325,40.0676255974826,25.84175094674395,7784.0160005886,0.2209789996412002,-1,0.35766549547647847,1
182,54.6986405125,25.2112840875,8,0.0141436769320677,0,1,0,0,1,6,0,Karoliniškės,10.0,95.52803929389124,6754.116327226216,24448.0,0.2181765219924264,0.5360159793599933,0.2458074986475802,3.7638223321865,6495.524454204919,0.8197958688104301,8,565.6237793343361,433.5082628827278,0.6753603788438612,105.39084492227984,58.88198969733905,7739.458352133573,0.2197140607483187,-1,0.3901577824103858,1
199,54.63086403333333,25.2567008,3,0.0052322649469623,0,0,0,0,2,1,0,Naujininkai,19.0,45.42242738523328,8681.216996017034,30129.0,0.2088405756911899,0.6341199633953578,0.1570394609134522,44.252349054898126,680.8452125925083,0.0,3,573.3654603522539,1777.074708244803,0.0,129.74676939447932,1.9773792925785896,7702.330325191111,0.218660040015091,0,0.1598479020249487,0
130,54.64381336666667,25.2678421,3,0.005,0,0,0,0,0,1,2,Naujininkai,19.0,47.33774737806474,9467.549475612948,30129.0,0.2088405756911899,0.6341199633953578,0.1570394609134522,44.252349054898126,680.8452125925083,0.0,3,600.0,342.3580797019652,0.0,17.738341431204763,45.38197884738731,7692.819546199408,0.2183900402582513,-1,0.16404221861310986,0
70,54.71046621016949,25.263313833898305,59,0.0821716136974844,0,10,0,0,41,7,1,Šeškinė,5.0,107.57960237481934,1309.2063978550393,31102.0,0.2077624052148463,0.5527471065584675,0.2394904882266861,4.46216580764561,6970.157842792147,0.7189901509724219,59,718.0095089431867,93.57225629620822,0.709381702637204,294.64843871894254,74.43758566896793,7647.360464473397,0.2170995107419115,1,0.5174378324200546,1
188,54.7376793,25.25125092,5,0.0092470186976244,0,1,0,0,0,1,3,Fabijoniškės,4.0,82.85657342679158,8960.35534653756,37001.0,0.2531130529765155,0.541589295466958,0.2052976515565265,6.020352359924375,6145.985780882897,0.3385495510819686,5,540.7148145255208,488.3176352868629,0.2733590642742255,33.15588737122379,50.233623120027104,7504.603115473682,0.2130467985980771,0,0.3460995171094549,1
177,54.660494619999994,25.233784179999997,5,0.006907968192295,0,0,0,0,3,2,0,Vilkpėdė,18.0,65.81869909457117,9527.938934053567,19310.0,0.2016750932025943,0.6008886165160104,0.1974362902813952,10.747060251439992,1796.7704235595652,0.1493562033409003,5,723.8018272256802,192.45458844297957,0.1493562033409002,288.9565165797453,41.52537316979204,7470.528936248632,0.212079472986442,-1,0.18379110784903402,0
150,54.7348938875,25.338563675,16,0.0195480620679503,2,3,0,0,4,6,0,Antakalnis,13.0,61.98082574587955,3170.689019219925,39128.0,0.2847511312217194,0.549185520361991,0.1660633484162895,77.15186977248901,507.1555636355083,0.0,15,818.4954572163209,53.0454625119646,0.0,204.62386430408023,153.46789822806016,7076.032788883098,0.2008801943620723,1,0.43229939006918716,1
148,54.69148757272728,25.245944145454544,11,0.017836535577798,0,1,0,1,0,7,2,Žvėrynas,6.0,88.54784641748338,4964.408364576312,12089.0,0.3000692520775623,0.5484764542936288,0.1514542936288088,2.6207114544034837,4612.869524299329,0.8713488905968868,11,616.7116900039845,67.12780435008335,0.8713488905968867,27.496417649574493,90.15585132508568,6809.489986644667,0.1933133597363782,1,0.3888628743746746,1
181,54.7371188,25.23777315,6,0.0125719237421994,1,0,0,0,2,3,0,Fabijoniškės,4.0,78.29302907506725,6227.609288804853,37001.0,0.2531130529765155,0.541589295466958,0.2052976515565265,6.020352359924375,6145.985780882897,0.3385495510819686,6,477.25392891623824,415.5732413838601,0.3606828259950722,63.20401940908376,8.035473082205481,6537.678130742392,0.1855969429146038,-1,0.30465495013055527,0
121,54.71216625555556,25.229648088888887,9,0.0136760419963249,1,0,0,1,4,3,0,Viršuliškės,9.0,68.47539925864683,5006.960294290403,4014.037054284857,0.2267200686597053,0.542411672149907,0.2308682591903876,2.5272827250660392,1588.2817598810468,0.6271437258142741,9,658.085139137371,344.0163056679965,0.6578660676616939,190.2864678384439,44.43482396714808,6521.106941860597,0.1851265064790046,-1,0.39461592017050773,1
42,54.68522017777778,25.053708244444447,9,0.0127849004151087,0,3,0,0,0,6,0,Grigiškės,21.0,59.83130377218588,4679.841205605291,10486.0,0.235561323815704,0.5648465745805136,0.1995921016037823,7.009228254469938,1496.027753599385,0.0,9,703.9554245854077,5238.493458764057,0.0,0.0,234.6518081951359,6482.914732786012,0.1840422748748107,0,0.3033143368806866,0
111,54.65502185,25.227445683333332,6,0.0095742244125438,0,1,0,0,4,1,0,Vilkpėdė,18.0,58.83474631695441,6145.118787885446,19310.0,0.2016750932025943,0.6008886165160104,0.1974362902813952,10.747060251439992,1796.7704235595652,0.1493562033409003,6,626.682615893045,912.3279077280008,0.1493562033409003,291.529285076951,44.76545640266488,6467.912310392413,0.1836163738627262,0,0.1897069070309331,0
85,54.6831779826087,25.213167352173915,23,0.0300697287305857,0,6,1,1,8,4,3,Lazdynai,11.0,72.96378657750337,2426.4863587973637,23932.0,0.2434296365330848,0.5691829760795278,0.1873873873873874,9.95551425327569,2403.8939015255382,0.1743439950603415,23,764.8888423993443,539.7213312097741,0.4960265547924034,164.94771203952598,106.27303938310374,6452.318043090541,0.1831736710743141,0,0.4822812182168866,1
15,54.700892841666665,25.410341433333333,12,0.0164123599875242,1,1,1,0,6,3,0,Naujoji Vilnia,14.0,58.39101339713762,3557.746322986052,36502.0,0.2709707064905227,0.5830672027570362,0.1459620907524411,38.65558284421724,944.2879220604116,0.0,12,731.1562754607967,918.6258740661484,0.0,365.57813773039834,60.929689621733054,6439.9125036558235,0.1828214924952765,0,0.25982995833913847,0
79,54.68985262,25.21097273,10,0.0180726350618603,1,2,0,0,4,2,1,Karoliniškės,10.0,94.64345777921784,5236.837763572687,24448.0,0.2181765219924264,0.5360159793599933,0.2458074986475802,3.7638223321865,6495.524454204919,0.8197958688104301,10,553.3227426864587,391.0245560050589,0.8197958688104301,149.68002998542943,76.805997500444,6415.062758465574,0.182116037646126,-1,0.3793748626689966,1
122,54.7077175,25.243770242857146,7,0.0149420561724347,1,2,0,0,0,4,0,Šeškinė,5.0,89.63538984237825,5998.865805881441,31102.0,0.2077624052148463,0.5527471065584675,0.2394904882266861,4.46216580764561,6970.157842792147,0.7189901509724219,7,468.476354205768,852.009896257941,0.7002376550881326,23.977605432554913,67.47123565387311,6398.934483838792,0.1816581750219106,0,0.3753627195918393,1
157,54.6778649,25.31700012,5,0.0078432306198569,0,0,0,0,5,0,0,Rasos,15.0,68.67941688425785,8756.521414833893,12361.0,0.259793501366535,0.5954296993622836,0.1447767992711812,16.19235341738865,763.3850176914843,1.0,5,637.4924112700928,1231.682134437072,0.9108568108799258,334.26422467573764,100.20520546879268,6318.390131739941,0.1793716162131662,0,0.16958226331731327,0
76,54.71634034210526,25.229218089473683,19,0.0286544323844149,0,1,0,0,7,7,1,Viršuliškės,9.0,68.83413107423826,2402.2158300255505,4014.037054284857,0.2267200686597053,0.542411672149907,0.2308682591903876,2.5272827250660392,1588.2817598810468,0.6271437258142741,16,663.0736824622661,112.69585094203995,0.5922266796188325,225.43353589681695,49.47617273085703,6203.871024037933,0.176120554311716,1,0.45978960309406536,1
89,54.68915264615384,25.252325092307693,13,0.0228645215476051,3,4,0,0,0,1,5,Žvėrynas,6.0,85.08566801436561,3721.2966751660606,12089.0,0.3000692520775623,0.5484764542936288,0.1514542936288088,2.6207114544034837,4612.869524299329,0.8713488905968868,13,568.5664566797664,524.7801648250036,0.8713488905968867,52.70425610159093,112.4756098250798,6103.030761319559,0.1732578186265148,0,0.30722233594070036,0
159,54.681333333333335,25.31172196190476,21,0.0335907918755948,0,3,1,0,7,9,0,Senamiestis,16.0,74.97387085436148,2231.976880212619,10158.0,0.2599523155841341,0.6226789971822845,0.1173686872335813,4.406772086999922,2305.0885771847225,0.8726525869713228,20,625.1713290289364,841.1560742114613,0.9045321640507596,296.05831204175684,98.8495033481521,6070.174180073875,0.1723250591801375,0,0.19085962314660723,0
19,54.772383625,25.2722771125,8,0.0114156071914755,0,2,0,0,3,3,0,Verkiai,1.0,55.981407692446886,4903.936054689276,50754.0,0.277248058779327,0.5928195708441178,0.129932370376555,55.92561494759497,907.5269006439888,0.0,8,700.7949613029718,136.47799016739597,0.0,262.79811048861444,175.19874032574296,5910.678218977455,0.1677971576538259,1,0.2129628304783499,0
136,54.72200341818182,25.332244445454545,11,0.0178296698564103,4,2,0,0,1,4,0,Antakalnis,13.0,47.48740327402392,2663.392180363383,39128.0,0.2847511312217194,0.549185520361991,0.1660633484162895,77.15186977248901,507.1555636355083,0.0,11,616.9491689183,283.22055963561564,0.0,16.825886425044544,162.6181122264043,5764.586531287783,0.1636497875817298,-1,0.35593885109881374,1
140,54.685326970000006,25.20518948,10,0.0189708214863918,0,2,0,0,5,3,0,Karoliniškės,10.0,92.75957004935144,4889.591635021709,24448.0,0.2181765219924264,0.5360159793599933,0.2458074986475802,3.7638223321865,6495.524454204919,0.8197958688104301,10,527.1253017257701,29.061028867116963,0.6550433820711303,198.466109831571,120.2593224080538,5743.259194024209,0.1630443297238376,1,0.40417392330470736,1
133,54.72736278333334,25.27108195,6,0.0120356374132144,1,0,0,0,0,5,0,Verkiai,1.0,41.435549887866166,3442.7383000398836,50754.0,0.277248058779327,0.5928195708441178,0.129932370376555,55.92561494759497,907.5269006439888,0.0,6,498.5195045351203,171.8400109319873,0.0,37.55520991174698,35.54888772495698,5690.75446328386,0.1615537825725271,-1,0.1909362081641275,0
169,54.68761872857143,25.290832385714285,7,0.0151420983204132,0,0,5,0,1,1,0,Senamiestis,16.0,63.26069654484597,4177.802521567546,10158.0,0.2599523155841341,0.6226789971822845,0.1173686872335813,4.406772086999922,2305.0885771847225,0.8726525869713228,7,462.287316584336,329.5077238604268,0.8726525869713228,299.8123135679001,0.0,5163.250549371931,0.1465785709087456,-1,0.1396179335178853,0
86,54.697364139130435,25.299684047826087,23,0.0479691995432194,0,4,1,1,8,8,0,Žirmūnai,2.0,95.09335791955476,1982.3836717116224,43453.0,0.2329431132248033,0.57021675507591,0.1968401316992866,5.681409273017094,7648.278430911989,0.7461602624238627,22,479.47433392707353,40.23916798140267,0.7836739920586352,188.24598148864175,144.42623214763856,5146.779865756998,0.1461109876986958,1,0.4597993607404256,1
45,54.73666262,25.080256839999997,5,0.0096987039154966,1,0,0,0,3,1,0,Grigiškės,21.0,46.28161896576692,4771.938536222154,10486.0,0.235561323815704,0.5648465745805136,0.1995921016037823,7.009228254469938,1496.027753599385,0.0,5,515.5328014510263,6341.7210456759885,0.0,309.3196808706158,0.0,5049.944490038168,0.1433619460144792,0,0.20494179605864127,0
28,54.68300064,25.23549062,5,0.0087895669652643,0,4,0,0,0,1,0,Vilkpėdė,18.0,54.67638583415139,6220.600633709068,19310.0,0.2016750932025943,0.6008886165160104,0.1974362902813952,10.747060251439992,1796.7704235595652,0.1493562033409003,5,568.8562382833671,854.4843579900784,0.1493562033409003,0.0,455.0849906266936,5038.24537313645,0.1430298219348998,0,0.22747989931261772,0
117,54.72785195,25.220176783333333,6,0.01331307715362,0,0,0,0,4,2,0,Pašilaičiai,7.0,71.19369275246757,5347.6511801863235,40384.0,0.3069339905415307,0.557894269410955,0.1351717400475143,8.082061121193773,4996.7451859650155,0.4425137670544916,6,450.6846862499044,777.2652775755888,0.4225091296733799,174.77322621935923,3.7564041677965623,5038.185364827992,0.1430281183700597,0,0.2891814077492782,0
58,54.74904136,25.20675586,5,0.0109636602145573,0,0,0,0,3,2,0,Pašilaičiai,7.0,71.57966783548976,6528.8112213152945,40384.0,0.3069339905415307,0.557894269410955,0.1351717400475143,8.082061121193773,4996.7451859650155,0.4425137670544916,5,456.0520758716248,1327.607489988844,0.4425137670544916,273.63124552297484,0.0,5035.249595638867,0.1429447753581053,0,0.2862749717065978,0
126,54.71793571578947,25.222119952631576,38,0.0769736550198667,1,6,1,0,18,8,3,Justiniškės,8.0,89.25475274582556,1159.549364295994,23351.0,0.2363450932990859,0.5186220442698497,0.2450328624310644,2.90271033955168,8044.550529835689,0.2334564301239184,37,493.6754008912829,122.49290272164504,0.3837289567107553,223.90145359536015,75.12447035335856,4875.5345515510235,0.1384106543250148,1,0.466942259279241,1
114,54.66733123157895,25.215271110526317,19,0.0321656042747345,1,4,0,0,9,5,0,Lazdynai,11.0,60.43717179786755,1878.9378642371676,23932.0,0.2434296365330848,0.5691829760795278,0.1873873873873874,9.95551425327569,2403.8939015255382,0.1743439950603415,19,590.6930843803285,390.29821765026753,0.1743439950603415,799.0842245366897,37.30693164507338,4820.274380433571,0.1368418834832523,-1,0.4097779740322699,1
113,54.707267550000005,25.235425233333338,6,0.0119805759100751,0,3,0,0,0,3,0,Viršuliškės,9.0,57.16561208703589,4771.524550749042,4014.037054284857,0.2267200686597053,0.542411672149907,0.2308682591903876,2.5272827250660392,1588.2817598810468,0.6271437258142741,6,500.81064925720995,554.4655784993959,0.659354191088636,55.18599315006395,87.2142744251595,4746.665801489071,0.1347522230638831,0,0.4096901769558229,1
137,54.66873987142857,25.234424257142855,7,0.0155126516120048,0,0,0,0,1,6,0,Vilkpėdė,18.0,46.21879810382825,2979.4260362336013,19310.0,0.2016750932025943,0.6008886165160104,0.1974362902813952,10.747060251439992,1796.7704235595652,0.1493562033409003,7,451.2445824918094,13.142775183472397,0.1493562033409002,66.12006578153273,14.827204630431453,4736.78755927793,0.1344717914612417,1,0.16573622956265324,0
197,54.711960228571435,25.27754494285714,7,0.0166406176315917,2,0,0,0,0,5,0,Šnipiškės,3.0,71.61504005139899,4303.628725621341,14652.0,0.2250902961714423,0.6276908259089815,0.1472188779195762,3.1264068279410937,4686.53019468011,0.690080065183502,7,420.6574632609018,352.35818458364,0.690080065183502,42.66770541915292,14.222568473050972,4661.274175810764,0.1323280558963566,-1,0.2083222508144851,0
165,54.73686204375,25.2116038875,16,0.0286319655060041,0,2,0,0,7,7,0,Pašilaičiai,7.0,78.96953722495263,2758.0899819257183,40384.0,0.3069339905415307,0.557894269410955,0.1351717400475143,8.082061121193773,4996.7451859650155,0.4425137670544916,16,558.815984765168,620.9299914623755,0.4425137670544915,456.8065658527625,110.74221602722028,4640.06332755497,0.1317259050234971,0,0.4139464628594698,1
132,54.694208136363635,25.29841521818182,11,0.0264958444412875,0,2,1,0,1,5,2,Žirmūnai,2.0,90.4684010211584,3414.4373553229652,43453.0,0.2329431132248033,0.57021675507591,0.1968401316992866,5.681409273017094,7648.278430911989,0.7461602624238627,11,415.15944224291655,399.65090388831993,0.7135985119582889,142.5607807701772,49.711085000578585,4502.487657784343,0.127820294618973,-1,0.38969504113805487,1
160,54.669575555555554,25.277593033333332,9,0.021701547361501,0,2,0,1,2,3,1,Naujamiestis,17.0,69.58345417887635,3206.382154219973,20857.0,0.255724122487824,0.6081565246599115,0.1361193528522644,4.89842788506261,4257.896714903543,0.7470964667250806,9,414.716971563336,431.89035667125313,0.2241289400175241,169.52177103268025,70.75857580417382,4302.32981345136,0.1221380503625766,-1,0.22269446678731503,0
152,54.73645252222222,25.225051011111113,9,0.0188975499623923,0,1,0,0,2,5,1,Pašilaičiai,7.0,73.03228267466366,3864.642920378779,40384.0,0.3069339905415307,0.557894269410955,0.1351717400475143,8.082061121193773,4996.7451859650155,0.4425137670544916,9,476.2522135361859,105.07413763725772,0.4425137670544915,296.5056806373976,92.62617706391384,4154.462985417585,0.1179402861574992,1,0.34688510833444475,1
179,54.70876704285714,25.213989199999997,7,0.0188366944720726,1,1,0,0,0,4,1,Justiniškės,8.0,80.47725751299073,4272.366238795602,23351.0,0.2363450932990859,0.5186220442698497,0.2450328624310644,2.90271033955168,8044.550529835689,0.2334564301239184,7,371.6150946960595,136.3529195250358,0.409775475894265,17.236391897130595,21.2298664003768,3830.9583856712384,0.1087563735311802,1,0.2956757231674283,0
1,54.70946903,25.10137968,10,0.0217747876725767,0,1,0,0,5,1,3,Grigiškės,21.0,42.23402353220212,1939.5837133875664,10486.0,0.235561323815704,0.5648465745805136,0.1995921016037823,7.009228254469938,1496.027753599385,0.0,10,459.24672838918474,4334.265874014615,0.0,229.62336419459237,45.924672838918475,3792.4985434174814,0.1076645441378502,0,0.22723420268375483,0
174,54.711350679999995,25.24031102,5,0.0144374589710562,0,0,0,0,1,4,0,Šeškinė,5.0,80.85108336631818,5600.090952875163,31102.0,0.2077624052148463,0.5527471065584675,0.2394904882266861,4.46216580764561,6970.157842792147,0.7189901509724219,5,346.32133050724894,566.7546420014913,0.7051811738124631,64.09518406004003,35.53895128260268,3597.2844026632083,0.1021226457737624,0,0.35296491228168025,1
192,54.73005918571429,25.215911057142858,7,0.0190236869755656,0,0,0,0,0,7,0,Pašilaičiai,7.0,65.24503347497522,3429.67341497877,40384.0,0.3069339905415307,0.557894269410955,0.1351717400475143,8.082061121193773,4996.7451859650155,0.4425137670544916,7,367.9623202900121,627.018892663935,0.4425137670544915,186.62967217076323,38.15137497505258,3296.5561967092426,0.0935853280048144,0,0.2940612265060169,0
139,54.67844362307692,25.251392669230768,13,0.0288653537906902,2,2,0,0,2,6,1,Naujamiestis,17.0,72.14708125646143,2499.4351976288845,20857.0,0.255724122487824,0.6081565246599115,0.1361193528522644,4.89842788506261,4257.896714903543,0.7470964667250806,13,450.366903321754,264.0215609062399,0.7470964667250806,355.3798888126046,171.0570154060908,3291.80274168296,0.0934503830436956,-1,0.24896311813095526,0
151,54.72953152608696,25.27048352173913,23,0.0524978803720898,2,4,0,0,4,11,0,Verkiai,1.0,37.09164425567637,706.5360352224036,50754.0,0.277248058779327,0.5928195708441178,0.129932370376555,55.92561494759497,907.5269006439888,0.0,21,438.1129264073644,15.386266595373693,0.0,25.132284550646556,22.85806572560162,3279.106863349227,0.0930899620870143,1,0.3734301112600349,1
147,54.72537072222222,25.221844633333333,9,0.0259455808471284,2,0,0,0,2,5,0,Pašilaičiai,7.0,63.728971333023566,2456.255333365448,40384.0,0.3069339905415307,0.557894269410955,0.1351717400475143,8.082061121193773,4996.7451859650155,0.4425137670544916,9,346.8798811261186,780.3608602158623,0.3989095681579229,155.3004292906141,6.4621294655214845,3071.185204340952,0.0871873123226879,0,0.28333812900438154,0
119,54.690937705555555,25.256256838888888,18,0.0470540923878542,2,5,0,2,6,0,1,Žvėrynas,6.0,71.70818345647145,1523.952111654821,12089.0,0.3000692520775623,0.5484764542936288,0.1514542936288088,2.6207114544034837,4612.869524299329,0.8713488905968868,16,382.53845917653354,494.51028595680856,0.8713488905968867,38.25384591765335,125.90964266917447,2853.892626876248,0.0810186332765532,0,0.39100921279497997,1
104,54.69245935555555,25.303756641666663,36,0.1029118379692483,2,6,0,1,8,13,6,Senamiestis,16.0,55.17261144304637,536.115305408624,10158.0,0.2599523155841341,0.6226789971822845,0.1173686872335813,4.406772086999922,2305.0885771847225,0.8726525869713228,36,349.8139836036878,630.8580047248238,0.6423973770294067,123.1915997758711,40.76796066657336,2761.874593811108,0.0784063502475682,0,0.20378856888862695,0
92,54.665212881818185,25.274667072727276,11,0.0254487845330773,0,1,0,0,6,4,0,Naujininkai,19.0,35.273984358588315,1386.0773709149298,30129.0,0.2088405756911899,0.6341199633953578,0.1570394609134522,44.252349054898126,680.8452125925083,0.0,11,432.240682681825,404.8329616138045,0.1009380708316957,118.81662110340748,76.55762878582452,2657.2305739226576,0.0754356303991461,-1,0.20173689844037793,0
23,54.64846492,25.12223346,5,0.0121312909635635,0,1,0,0,0,4,0,Paneriai,20.0,31.38655788364943,2587.2397239435927,8807.0,0.2650714010034735,0.6221536086453107,0.1127749903512157,78.13199109836523,112.71951317498512,0.0581114355229927,5,412.1572893616656,1341.5433804151608,0.0581114355229927,0.0,82.43145787233311,2614.9074237059963,0.0742341262660823,0,0.17989696925415133,0
78,54.72312597647059,25.254832588235296,17,0.0435346795530704,1,2,0,0,4,9,1,Fabijoniškės,4.0,72.05397259405699,1655.093670925509,37001.0,0.2531130529765155,0.541589295466958,0.2052976515565265,6.020352359924375,6145.985780882897,0.3385495510819686,17,390.49328430857895,115.96269734004947,0.4401851461439665,254.13376458517016,186.92118142002028,2579.9219313550175,0.0732409295536025,1,0.4013505193811485,1
13,54.66230289999999,25.341964175,12,0.0287087246384665,0,2,0,0,3,7,0,Naujoji Vilnia,14.0,35.870971556277084,1249.4798012801295,36502.0,0.2709707064905227,0.5830672027570362,0.1459620907524411,38.65558284421724,944.2879220604116,0.0,12,417.9913998659952,53.58499156969861,0.0,104.4978499664988,69.6652333109992,2455.646948954597,0.0697129099183402,1,0.21179020483702657,0
194,54.66251038,25.28411776,5,0.0125245209496455,1,0,0,0,0,4,0,Naujininkai,19.0,32.89920418885264,2626.7834371568388,30129.0,0.2088405756911899,0.6341199633953578,0.1570394609134522,44.252349054898126,680.8452125925083,0.0,5,399.21686586675577,725.2465302824102,0.0,86.85809886020961,102.54603570330843,2442.2379659265935,0.0693322447635525,0,0.21571967105544113,0
39,54.778585027272726,25.342001827272725,11,0.0278670943607107,1,1,0,0,5,2,0,Verkiai,1.0,33.971985117058985,1219.0716648577277,50754.0,0.277248058779327,0.5928195708441178,0.129932370376555,55.92561494759497,907.5269006439888,0.0,9,394.7307838275632,406.6192110445784,0.0,179.42308355798326,35.88461671159665,2416.4885880829597,0.0686012504083457,-1,0.20960745657770516,0
173,54.66702716,25.28462688,5,0.0118478072080386,0,1,0,0,2,2,0,Naujininkai,19.0,34.5389330655822,2915.2173443663005,30129.0,0.2088405756911899,0.6341199633953578,0.1570394609134522,44.252349054898126,680.8452125925083,0.0,5,422.01902109004254,776.7452709507688,0.2943614628962172,195.57564927133748,49.071777407023546,2377.215428429143,0.0674863318968225,0,0.18760701160498752,0
154,54.718322435714285,25.237286942857143,14,0.0451940904243328,1,0,0,0,3,10,0,Šeškinė,5.0,78.22299625317295,1730.8235549986236,31102.0,0.2077624052148463,0.5527471065584675,0.2394904882266861,4.46216580764561,6970.157842792147,0.7189901509724219,14,309.77501413464245,3.804049419466661,0.6717251521334959,92.8162367624744,10.562425796322154,2351.5582776644624,0.06675795575921,1,0.3941464803159647,1
91,54.7311298,25.246457684848487,33,0.0979482847046392,1,4,1,1,15,10,1,Fabijoniškės,4.0,68.20091646728237,696.2951589498546,37001.0,0.2531130529765155,0.541589295466958,0.2052976515565265,6.020352359924375,6145.985780882897,0.3385495510819686,33,336.91248498644705,47.780836326798095,0.3385495510819686,78.93888006338673,35.59205531173297,2265.7404066144363,0.064321687990164,1,0.4823715705754763,1
145,54.718136314285715,25.214251985714284,21,0.0679357059856589,1,5,0,0,6,9,0,Justiniškės,8.0,75.98286214541343,1118.452528651918,23351.0,0.2363450932990859,0.5186220442698497,0.2450328624310644,2.90271033955168,8044.550529835689,0.2334564301239184,21,309.11579846440486,580.9468165941905,0.2780912560682481,144.25886050800383,61.32706570111148,2189.037243896961,0.0621441760008076,0,0.38644669376177143,1
97,54.67871164102564,25.302784433333333,39,0.1070988954261666,1,12,0,0,13,10,3,Senamiestis,16.0,56.20348851610225,524.781215459394,10158.0,0.2599523155841341,0.6226789971822845,0.1173686872335813,4.406772086999922,2305.0885771847225,0.8726525869713228,39,364.14941391142906,372.88385194347006,0.8726525869713226,141.82731118250018,109.54253277285297,2186.2628730624865,0.0620654148970804,-1,0.2531868113514219,0
73,54.69307970238095,25.21845031190476,42,0.1285010796482224,0,4,0,0,24,13,0,Karoliniškės,10.0,78.35722227324156,609.7787076011193,24448.0,0.2181765219924264,0.5360159793599933,0.2458074986475802,3.7638223321865,6495.524454204919,0.8197958688104301,41,326.84550289364824,209.59456969742212,0.8197958688104301,249.07262189640272,38.75891448252094,2074.1866121700364,0.0588837025247437,-1,0.564686354745884,1
149,54.71371009166666,25.23779340833333,12,0.0418984758508605,1,0,0,0,3,7,1,Šeškinė,5.0,76.5425470316835,1826.857552149155,31102.0,0.2077624052148463,0.5527471065584675,0.2394904882266861,4.46216580764561,6970.157842792147,0.7189901509724219,12,286.40659967475995,391.4884118603802,0.6985482048099964,92.53680169981784,20.385163005345618,2063.1401447766593,0.0585701063921082,-1,0.37490643700702053,1
98,54.715348822,25.247182074,100,0.3496274190499085,3,8,1,0,51,32,2,Šeškinė,5.0,76.51465686362471,218.84627090045936,31102.0,0.2077624052148463,0.5527471065584675,0.2394904882266861,4.46216580764561,6970.157842792147,0.7189901509724219,97,286.018757544085,40.9056774095669,0.7189901509724219,131.41892640532308,16.43374050329194,1973.336641036629,0.0560206912291324,1,0.534810182584451,1
201,54.723789120000006,25.32692428,5,0.013231931142955,1,1,0,0,0,3,0,Antakalnis,13.0,30.295221439812696,2289.5540426041744,39128.0,0.2847511312217194,0.549185520361991,0.1660633484162895,77.15186977248901,507.1555636355083,0.0,5,377.87379226668065,232.2903716503957,0.0,25.80045431276685,60.89496183998778,1937.353259297908,0.054999165618223,-1,0.21688284274631467,0
180,54.68801608,25.21488084,5,0.0177417041587497,0,1,0,0,0,3,1,Karoliniškės,10.0,75.11952071708667,4234.064554618327,24448.0,0.2181765219924264,0.5360159793599933,0.2458074986475802,3.7638223321865,6495.524454204919,0.8197958688104301,5,281.82185630314115,455.9374959656251,0.7152634804744651,162.6068263036065,96.35252378229428,1801.6937216321176,0.0511479519358632,0,0.38678948046848216,1
189,54.63427358333333,25.278204149999997,6,0.0179729840212095,0,0,0,0,0,5,1,Naujininkai,19.0,28.19747547054495,1568.881129436813,30129.0,0.2088405756911899,0.6341199633953578,0.1570394609134522,44.252349054898126,680.8452125925083,0.0,6,333.83438125352694,992.7887312077908,0.0,0.0,0.0,1792.297504515696,0.050881204455046,0,0.18651828851389507,0
144,54.7211171875,25.2237353625,8,0.0292909377007359,1,1,0,0,2,4,0,Justiniškės,8.0,73.39450848268189,2505.7070289981853,23351.0,0.2363450932990859,0.5186220442698497,0.2450328624310644,2.90271033955168,8044.550529835689,0.2334564301239184,8,273.12201752417815,461.4770146696252,0.345533809519598,184.24931665479585,48.6012350204775,1726.9175959283798,0.0490251462461258,0,0.2739870880115924,0
48,54.723862,25.19004876,5,0.0233034636043515,1,0,0,0,1,2,1,Justiniškės,8.0,69.18327460511458,2968.797934063152,23351.0,0.2363450932990859,0.5186220442698497,0.2450328624310644,2.90271033955168,8044.550529835689,0.2334564301239184,5,214.56037973112035,1593.4990218189273,0.2334564301239183,18.87128393423615,5.997661150368929,1703.220830269374,0.0483524231209854,0,0.24327740955356036,0
60,54.7324709,25.29799474,5,0.0139956048160962,0,1,1,0,0,3,0,Antakalnis,13.0,28.81250170771632,2058.6821424522764,39128.0,0.2847511312217194,0.549185520361991,0.1660633484162895,77.15186977248901,507.1555636355083,0.0,5,357.2550143920577,674.9541943612707,0.0,0.0,71.45100287841154,1591.8097125825984,0.04518959337687,0,0.19083840764186186,0
163,54.71018725625,25.247409275,16,0.0667655109886696,2,0,0,0,2,11,1,Šeškinė,5.0,73.17984480541148,1096.0725638395909,31102.0,0.2077624052148463,0.5527471065584675,0.2394904882266861,4.46216580764561,6970.157842792147,0.7189901509724219,16,239.64468725050676,560.2952587536249,0.7189901509724219,77.62691600333427,33.8507413873581,1436.1743683095874,0.0407712901920277,0,0.37320347970461754,1
172,54.74056431875,25.23929055625,16,0.0593106639018724,0,0,0,0,0,16,0,Fabijoniškės,4.0,63.37233580216813,1068.4813089770105,37001.0,0.2531130529765155,0.541589295466958,0.2052976515565265,6.020352359924375,6145.985780882897,0.3385495510819686,16,269.7659905893397,627.7390222005424,0.3586460471446173,65.26308849388388,7.115434001522741,1433.528074666262,0.0406961650481412,0,0.3502655407372704,1
123,54.64038535555555,25.267749344444447,18,0.0545370813297266,0,3,0,0,0,11,4,Naujininkai,19.0,27.925384190579745,512.0439801636106,30129.0,0.2088405756911899,0.6341199633953578,0.1570394609134522,44.252349054898126,680.8452125925083,0.0,18,330.05066573279777,533.9199306878742,0.0,11.344103886982884,55.79841820533271,1431.5608213999385,0.0406403170567188,0,0.26704190742925976,0
102,54.7295351,25.228659088235293,17,0.0568000829617811,2,2,0,0,5,8,0,Pašilaičiai,7.0,60.307112762733496,1061.74339222906,40384.0,0.3069339905415307,0.557894269410955,0.1351717400475143,8.082061121193773,4996.7451859650155,0.4425137670544916,17,299.29533749869233,400.0141639026442,0.4425137670544915,223.61289974147712,10.563364852895024,1407.8811245756983,0.0399680784955915,-1,0.3572149962357637,1
87,54.733883176470584,25.253137188235293,17,0.0656769418836586,0,3,0,0,5,8,1,Fabijoniškės,4.0,62.58683289435047,952.9498648889286,37001.0,0.2531130529765155,0.541589295466958,0.2052976515565265,6.020352359924375,6145.985780882897,0.3385495510819686,17,258.8427462124246,374.50096622341425,0.2763119975159336,58.31001092445044,44.784064280940534,1338.125772470502,0.0379878066247911,-1,0.38555661657937057,1
106,54.73490004782609,25.245138091304348,23,0.0864652740935444,1,2,0,0,2,17,1,Fabijoniškės,4.0,63.10171632525599,729.7925899938509,37001.0,0.2531130529765155,0.541589295466958,0.2052976515565265,6.020352359924375,6145.985780882897,0.3385495510819686,23,266.0027420385776,102.39526450745424,0.3385495510819686,65.71306665977062,36.23351402909837,1315.288393849144,0.0373394804803184,1,0.4207966171096502,1
128,54.72257729583333,25.215893579166664,24,0.1171103916176192,4,0,0,0,3,17,0,Justiniškės,8.0,68.49109149985108,584.8421353032742,23351.0,0.2363450932990859,0.5186220442698497,0.2450328624310644,2.90271033955168,8044.550529835689,0.2334564301239184,24,204.93484539239824,774.3136522800237,0.29173160965881,108.28056741317832,25.7332076028554,1289.241229306347,0.0366000323132384,0,0.2319092840788538,0
82,54.724216005882354,25.29685712941177,34,0.1524136342827712,2,1,0,0,9,20,2,Žirmūnai,2.0,76.6555456509124,502.94414939738454,43453.0,0.2329431132248033,0.57021675507591,0.1968401316992866,5.681409273017094,7648.278430911989,0.7461602624238627,34,223.07715553137595,55.2768091343552,0.7461602624238627,271.13836614200284,1.9683278429239053,1272.9045891241708,0.0361362544375657,1,0.45979934879889856,1
84,54.74430704583333,25.278428154166665,24,0.0731902695705498,4,3,0,0,4,13,0,Verkiai,1.0,29.167002250806533,398.5092884880248,50754.0,0.277248058779327,0.5928195708441178,0.129932370376555,55.92561494759497,907.5269006439888,0.0,24,327.91244165135697,435.3444947171753,0.0,84.2904953522208,28.13885365817824,1171.7239209615154,0.0332638550447688,-1,0.4019585375011729,1
184,54.63030948181818,25.26119456363637,11,0.0353033682510135,0,0,0,0,1,10,0,Naujininkai,19.0,26.59749720486849,753.3982881110761,30129.0,0.2088405756911899,0.6341199633953578,0.1570394609134522,44.252349054898126,680.8452125925083,0.0,11,311.5850000993661,1655.8441568059022,0.0,189.5055588941416,2.1228780490071704,1159.430784021047,0.0329148674394823,0,0.19382104313415108,0
155,54.722620600000006,25.33724398,10,0.027669121733393,1,2,0,0,0,7,0,Antakalnis,13.0,29.11155839244592,1052.1316387614895,39128.0,0.2847511312217194,0.549185520361991,0.1660633484162895,77.15186977248901,507.1555636355083,0.0,10,361.4137122368908,67.67317226200356,0.0,16.32102057465562,215.53264154422897,1053.88144896401,0.0299184467651242,1,0.25616823826520674,0
71,54.714197223939394,25.293288224090908,660,3.8977172690446023,9,90,5,0,253,256,40,Žirmūnai,2.0,72.79051807808483,18.675166271340927,43453.0,0.2329431132248033,0.57021675507591,0.1968401316992866,5.681409273017094,7648.278430911989,0.7461602624238627,653,169.32988065647393,602.2117370766522,0.7461602624238627,64.90978758498167,23.090438271337355,1004.8383248901366,0.0285261705292706,0,0.19089051382463867,0
17,54.75284332745098,25.26349087450981,51,0.1744313355869501,1,3,0,0,5,25,17,Verkiai,1.0,26.61172759298071,152.56276920333138,50754.0,0.277248058779327,0.5928195708441178,0.129932370376555,55.92561494759497,907.5269006439888,0.0,51,292.3786590774434,103.24120740565856,0.0,28.66457441935719,17.198744651614316,1002.6881161590976,0.0284651286487852,1,0.4598025478504105,1
129,54.65131250116279,25.274800987209304,86,0.3156773247528391,1,5,0,0,38,29,13,Naujininkai,19.0,23.78182270036639,75.33585986572356,30129.0,0.2088405756911899,0.6341199633953578,0.1570394609134522,44.252349054898126,680.8452125925083,0.0,86,272.4300836854027,342.09934785534557,0.0,49.09909175453794,11.244820860074888,969.7418174139092,0.0275298222288033,-1,0.37846459078196865,1
170,54.663852764285714,25.241747028571428,14,0.0502814989767113,0,1,0,0,3,8,1,Vilkpėdė,18.0,33.7916800488125,672.0499733801427,19310.0,0.2016750932025943,0.6008886165160104,0.1974362902813952,10.747060251439992,1796.7704235595652,0.1493562033409003,13,278.43243111117926,510.07300050146335,0.1493562033409003,144.9938956495842,9.806140430850816,928.6358417798682,0.0263628722412649,0,0.19086460301247482,0
59,54.62686888,25.24666726,5,0.0177546725065811,0,1,0,0,1,2,1,Naujininkai,19.0,24.442392971230355,1376.6738283778725,30129.0,0.2088405756911899,0.6341199633953578,0.1570394609134522,44.252349054898126,680.8452125925083,0.0,5,281.6160083012884,2488.7465835849775,0.0,56.32320166025768,56.32320166025768,922.831108682622,0.0261980827402006,0,0.20458333380435983,0
65,54.710693979999995,25.39479114,5,0.0165583006193084,0,0,0,0,0,5,0,Antakalnis,13.0,24.836415655224457,1499.9374770538386,39128.0,0.2847511312217194,0.549185520361991,0.1660633484162895,77.15186977248901,507.1555636355083,0.0,5,301.96335451052084,2222.2753628903533,0.0,0.0,0.0,888.6250136068854,0.0252270121937247,0,0.17301842868426132,0
67,54.68025528662552,25.27492976075103,1944,7.2579210308568065,66,702,32,31,596,298,200,Senamiestis,16.0,49.278149964128495,6.789568218588229,10158.0,0.2599523155841341,0.6226789971822845,0.1173686872335813,4.406772086999922,2305.0885771847225,0.8726525869713228,1925,267.84529505558817,256.9620382984513,0.8726525869713228,82.11717893679555,96.72191210340684,838.974357552574,0.0238174888441348,-1,0.22363350751150796,0
49,54.76323782173913,25.28462196086957,23,0.0854175030269274,1,0,0,0,1,21,0,Verkiai,1.0,24.94964530547949,292.09054843963594,50754.0,0.277248058779327,0.5928195708441178,0.129932370376555,55.92561494759497,907.5269006439888,0.0,23,269.26565615889496,1014.9386188308656,0.0,11.707202441691084,0.0,836.2890075537791,0.023741254936551,0,0.23734180445797232,0
81,54.674152955,25.21281133,20,0.0616568657708308,2,2,0,0,9,6,0,Lazdynai,11.0,41.285999087441766,669.6091111879665,23932.0,0.2434296365330848,0.5691829760795278,0.1873873873873874,9.95551425327569,2403.8939015255382,0.1743439950603415,19,324.3758785004895,388.7284882353334,0.1743439950603415,270.8917692826911,63.976913760255286,829.1114517576957,0.0235374926241961,-1,0.3121640151721332,1
53,54.73248147499999,25.185581,12,0.0579998362647368,0,0,3,0,2,6,0,Pašilaičiai,7.0,53.66265314912136,925.2207696618552,40384.0,0.3069339905415307,0.557894269410955,0.1351717400475143,8.082061121193773,4996.7451859650155,0.4425137670544916,11,206.89713579925836,2296.9206374323576,0.4425137670544916,34.48285596654306,0.0,825.4402334048928,0.0234332710810999,0,0.2580296285155281,0
143,54.707096868181814,25.270063559090907,22,0.0984351035224566,2,2,0,0,6,9,2,Šnipiškės,3.0,57.43704352327104,583.501631713808,14652.0,0.2250902961714423,0.6276908259089815,0.1472188779195762,3.1264068279410937,4686.53019468011,0.690080065183502,21,223.4975045765153,271.1561770618233,0.7012885605591098,211.73225902009736,53.27736198960801,819.8619627990042,0.0232749105820819,-1,0.2381302075602322,0
54,54.64337862,25.1827183,5,0.0192225464653451,0,0,0,0,0,2,3,Paneriai,20.0,20.452752321866686,1063.9980690768225,8807.0,0.2650714010034735,0.6221536086453107,0.1127749903512157,78.13199109836523,112.71951317498512,0.0581114355229927,5,260.11121934412427,1122.4556164824762,0.0581114355229927,0.0,0.0,813.2299513675462,0.0230866356284305,0,0.1910015399760346,0
124,54.646352161538466,25.26572843846154,13,0.0501626664361062,0,0,0,0,4,7,2,Naujininkai,19.0,22.827331369293233,455.0661476173548,30129.0,0.2088405756911899,0.6341199633953578,0.1570394609134522,44.252349054898126,680.8452125925083,0.0,13,259.1568774869358,34.81846643147262,0.0,23.92217330648638,35.68348844090532,802.1348136533306,0.0227716578030017,1,0.21497963970487996,0
125,54.654206692857144,25.269001685714283,14,0.0535886264668219,0,1,0,0,2,8,3,Naujininkai,19.0,22.9778117210696,428.78150152431607,30129.0,0.2088405756911899,0.6341199633953578,0.1570394609134522,44.252349054898126,680.8452125925083,0.0,14,261.24946510184884,164.16652883960774,0.0,95.4596640894513,16.68547367127278,767.0601141051892,0.0217759286037968,-1,0.23358006952121355,0
50,54.76177993333334,25.336059233333337,6,0.0230178825224196,1,0,0,0,1,4,0,Verkiai,1.0,24.33129872996876,1057.0606877617818,50754.0,0.277248058779327,0.5928195708441178,0.129932370376555,55.92561494759497,907.5269006439888,0.0,6,260.6668964513114,1670.041084122075,0.0,43.44448274188523,0.0,709.0706790101322,0.0201296771885768,0,0.1754631424026469,0
74,54.66119577600001,25.274855272,25,0.0880812993631985,4,2,1,0,10,7,0,Naujininkai,19.0,24.601509578641128,279.30457153224006,30129.0,0.2088405756911899,0.6341199633953578,0.1570394609134522,44.252349054898126,680.8452125925083,0.0,24,283.82869213717936,137.80433592570964,0.0,77.82496699397998,109.90845471383076,698.0854465932487,0.0198178194444348,1,0.4598431449628077,1
46,54.601960633333334,25.179445866666665,9,0.034070702320928,0,1,0,1,1,6,0,Paneriai,20.0,20.743658371548,608.8415253713795,8807.0,0.2650714010034735,0.6221536086453107,0.1127749903512157,78.13199109836523,112.71951317498512,0.0581114355229927,9,264.1565740331608,4849.49657366767,0.0581114355229927,29.350730448128974,29.350730448128974,682.9285631267624,0.01938753346534,0,0.19725340998040702,0
69,54.69818550651685,25.280760344044943,445,2.601206231856043,13,106,4,5,124,148,36,Šnipiškės,3.0,53.66724419683398,20.63167600461294,14652.0,0.2250902961714423,0.6276908259089815,0.1472188779195762,3.1264068279410937,4686.53019468011,0.690080065183502,436,171.07447865926355,386.91988899686186,0.690080065183502,47.67019180617681,40.75032525366727,636.3949901065295,0.0180665004131258,-1,0.22357856247456384,0
96,54.677008907692304,25.21094871794872,39,0.1287689930076673,1,4,2,1,13,12,6,Lazdynai,11.0,39.73933900150433,308.60953458833154,23932.0,0.2434296365330848,0.5691829760795278,0.1873873873873874,9.95551425327569,2403.8939015255382,0.1743439950603415,39,302.8679427327495,51.77747700130867,0.1743439950603414,181.65575573890644,110.35504977987895,615.9595978810219,0.0174863638189915,1,0.45984411204786496,1
88,54.739228703614465,25.27229545662651,83,0.3093017040711731,2,7,1,1,30,41,1,Verkiai,1.0,24.883540829842943,80.45070719725818,50754.0,0.277248058779327,0.5928195708441178,0.129932370376555,55.92561494759497,907.5269006439888,0.0,83,268.34640387529504,241.01455502375995,0.0,67.35425435584291,35.48182597145903,595.0542706837904,0.0168928863273129,-1,0.5691619379746591,1
8,54.66195708888889,25.301007777777777,9,0.0355541498725038,0,0,0,1,7,1,0,Naujininkai,19.0,22.394291870822713,629.8643604509748,30129.0,0.2088405756911899,0.6341199633953578,0.1570394609134522,44.252349054898126,680.8452125925083,0.0,9,253.1350076509705,1048.74606242742,0.0,196.8827837285326,0.0,585.7506584071286,0.016628767788272,0,0.2029103316190642,0
103,54.70507933636363,25.22997981818182,22,0.0807394874020363,1,0,0,1,3,15,1,Viršuliškės,9.0,40.74618885096816,504.662466434491,4014.037054284857,0.2267200686597053,0.542411672149907,0.2308682591903876,2.5272827250660392,1588.2817598810468,0.6271437258142741,21,272.4812939479369,274.2294175703994,0.6271437258142741,49.36974218738988,44.158326711880925,524.7785048700273,0.0148978405273851,-1,0.4300309651255389,1
3,54.67534213,25.08078006,20,0.0764981692549072,1,1,0,0,8,7,3,Grigiškės,21.0,28.00981658421161,366.1501557099661,10486.0,0.235561323815704,0.5648465745805136,0.1995921016037823,7.009228254469938,1496.027753599385,0.0,20,261.44416519767947,3417.2355225622173,0.0,104.57766607907178,13.072208259883972,499.24695763593854,0.0141730301253183,0,0.25895679772635527,0
164,54.67427112222222,25.297337088888888,9,0.0360872545328719,2,0,0,1,1,4,1,Senamiestis,16.0,47.951406465870505,1328.7629410043246,10158.0,0.2599523155841341,0.6226789971822845,0.1173686872335813,4.406772086999922,2305.0885771847225,0.8726525869713228,9,249.3955308182809,543.2788682975028,0.9227789463253332,281.67406398233925,34.32875918315874,492.54669345343655,0.0139828175568615,0,0.15261873683950763,0
83,54.670663399999995,25.240970061538462,39,0.1813233921709644,4,4,1,1,13,12,4,Vilkpėdė,18.0,29.23631741843616,161.2385311591243,19310.0,0.2016750932025943,0.6008886165160104,0.1974362902813952,10.747060251439992,1796.7704235595652,0.1493562033409003,39,215.0853209453972,220.46747234888932,0.1493562033409003,66.63299034372065,6.618009875242991,454.0724138279266,0.0128905783036382,-1,0.4584898028309833,1
52,54.670650214285715,25.359606485714288,7,0.0281096592150912,3,1,0,0,1,2,0,Naujoji Vilnia,14.0,23.72038568565304,843.8517701032214,36502.0,0.2709707064905227,0.5830672027570362,0.1459620907524411,38.65558284421724,944.2879220604116,0.0,7,249.02471945451111,1421.1760568610064,0.0,35.57495992207302,35.57495992207302,437.1446183214059,0.0124100182281092,0,0.2407791548390512,0
135,54.664889233333334,25.249700586666663,15,0.0704783186434293,0,1,0,0,4,8,2,Vilkpėdė,18.0,29.074236192848502,412.5273807955562,19310.0,0.2016750932025943,0.6008886165160104,0.1974362902813952,10.747060251439992,1796.7704235595652,0.1493562033409003,15,212.8314109746211,847.2198223074672,0.1493562033409003,58.79137754464657,18.178249775051384,399.01135008608304,0.0113274598845685,0,0.19775972627308616,0
34,54.7182580375,25.194630725,8,0.116712162032852,3,1,0,0,1,2,1,Justiniškės,8.0,58.68312117518966,502.80210864975334,23351.0,0.2363450932990859,0.5186220442698497,0.2450328624310644,2.90271033955168,8044.550529835689,0.2334564301239184,8,68.5446988613592,1029.3004405027275,0.2334564301239183,32.60887936965782,2.5704262073009696,376.5350586570983,0.0106893845780371,0,0.1909091695719083,0
43,54.64728417142857,25.10057792857143,7,0.0280731737982353,0,2,0,0,2,3,0,Paneriai,20.0,19.678783276875706,700.9817777750775,8807.0,0.2650714010034735,0.6221536086453107,0.1127749903512157,78.13199109836523,112.71951317498512,0.0581114355229927,7,249.34836546482768,65.12398664493509,0.0581114355229927,71.2423901328079,71.2423901328079,325.55838262371043,0.0092422170909662,1,0.21177532409061753,0
176,54.735063942857145,25.259990742857145,7,0.0267823110958429,1,0,0,0,1,4,1,Verkiai,1.0,24.38161093417563,910.362471966062,50754.0,0.277248058779327,0.5928195708441178,0.129932370376555,55.92561494759497,907.5269006439888,0.0,7,261.3665405853092,571.0490472783417,0.1669425218004686,34.47277184211556,35.691306370722295,319.39791672557664,0.0090673287567965,0,0.1833217020279786,0
38,54.66771876666667,25.174064844444445,9,0.0383227248122263,0,1,0,0,4,4,0,Paneriai,20.0,18.63601686322003,486.29153992918793,8807.0,0.2650714010034735,0.6221536086453107,0.1127749903512157,78.13199109836523,112.71951317498512,0.0581114355229927,9,234.84760136702707,77.2842443003906,0.0581114355229927,104.37671171867868,26.094177929669673,286.6990416251076,0.0081390464011914,1,0.20459742859476818,0
93,54.642065268,25.27926144,25,0.1109938113499534,0,4,1,0,5,11,4,Naujininkai,19.0,20.38817076859723,183.68745536915733,30129.0,0.2088405756911899,0.6341199633953578,0.1570394609134522,44.252349054898126,680.8452125925083,0.0,25,225.23778304339217,307.0940742016842,0.0,13.514266982603528,93.52402574671258,279.0468607419587,0.0079218100444696,-1,0.3116000007973607,1
51,54.63722887222222,25.355673272222223,18,0.0819923101057658,2,1,0,2,7,5,1,Rasos,15.0,38.62346535192024,471.0620459662374,12361.0,0.259793501366535,0.5954296993622836,0.1447767992711812,16.19235341738865,763.3850176914843,1.0,18,219.53278273024551,2911.7699057840723,1.0,85.37385995065105,12.196265707235863,271.0144179060788,0.0076937785010589,0,0.1909062225452002,0
99,54.708281725,25.22362462222222,36,0.1587728210677948,1,4,0,0,13,16,1,Viršuliškės,9.0,37.456812770199235,235.9145130652145,4014.037054284857,0.2267200686597053,0.542411672149907,0.2308682591903876,2.5272827250660392,1588.2817598810468,0.6271437258142741,35,226.7390587248448,131.41863736876357,0.5787031961710468,75.32299524707469,15.402403268943832,243.73844837300223,0.006919446014948,1,0.5502682296978499,1
142,54.673557200000005,25.22329156,20,0.0712679114411654,0,3,0,0,1,13,3,Lazdynai,11.0,38.14027007426547,535.1675010955223,23932.0,0.2434296365330848,0.5691829760795278,0.1873873873873874,9.95551425327569,2403.8939015255382,0.1743439950603415,20,280.63120688629726,68.31540150614414,0.1743439950603415,520.5140139144693,19.994078493664073,173.45935891278353,0.0049243058606318,1,0.3199699248128512,1
166,54.70334338235294,25.20647717647059,17,0.0549898326640414,0,3,0,0,8,5,0,Pilaitė,12.0,32.22596168512156,586.0349108898918,21798.0,0.3030134418836208,0.593024277388936,0.1039622807274431,13.93352424654988,1564.4283251164877,0.0201049035317864,16,309.14805840310424,493.34803875857216,0.4794112563978961,110.79505213551468,83.51728227641726,128.4292137472901,0.0036459533454756,0,0.22569055045158695,0
146,54.724994026666664,25.32031428666667,45,0.1868013538188618,2,4,0,0,13,20,3,Antakalnis,13.0,20.445108743178356,109.44839705500016,39128.0,0.2847511312217194,0.549185520361991,0.1660633484162895,77.15186977248901,507.1555636355083,0.0,42,240.8976117145048,122.51104174919486,0.0,55.32240362067924,24.56914555114673,96.17212080785652,0.0027302126624464,1,0.4598242394813541,1
16,54.762446020000006,25.1856848,10,0.0750258424922801,2,0,0,0,4,3,1,Pašilaičiai,7.0,48.36929395472976,644.7017767205585,40384.0,0.3069339905415307,0.557894269410955,0.1351717400475143,8.082061121193773,4996.7451859650155,0.4425137670544916,10,133.28740694953163,3324.511585473159,0.4425137670544916,53.31496277981265,0.0,80.28475242128522,0.0022791890812089,0,0.23700643205643313,0
107,54.65216983529412,25.224561558823527,17,0.0679739286275615,0,2,0,0,9,5,1,Vilkpėdė,18.0,31.753967010762405,467.1492092909144,19310.0,0.2016750932025943,0.6008886165160104,0.1974362902813952,10.747060251439992,1796.7704235595652,0.1493562033409003,17,250.0958873974364,1279.538276924079,0.1493562033409003,332.1729989445824,81.93988552703925,28.51567638869858,0.0008095262961934,0,0.21749057087657747,0
18,54.68815184022988,25.417733731034485,87,1.6798104126641675,11,7,0,2,21,41,3,Naujoji Vilnia,14.0,9.537125130982924,5.677500900745764,36502.0,0.2709707064905227,0.5830672027570362,0.1459620907524411,38.65558284421724,944.2879220604116,0.0,85,51.7915589426658,720.263011782537,0.0,12.50141077926416,4.167136926421387,0.0,0.0,0,0.1908328225678283,0
21,54.62312793707865,25.1493214752809,89,2.307200434267468,0,5,0,0,8,58,18,Paneriai,20.0,4.521823205008655,1.9598744599076523,8807.0,0.2650714010034735,0.6221536086453107,0.1127749903512157,78.13199109836523,112.71951317498512,0.0581114355229927,89,38.57488871713798,2435.7357045128447,0.0581114355229927,3.467405727383189,2.1671285796144932,0.0,0.0,0,0.2270358320451108,0
61,54.68111268,25.421616,5,0.0328342356929901,0,0,0,0,0,5,0,Naujoji Vilnia,14.0,16.763368713791735,510.5454218741144,36502.0,0.2709707064905227,0.5830672027570362,0.1459620907524411,38.65558284421724,944.2879220604116,0.0,5,152.28007884061904,1494.6290033415355,0.0,0.0,0.0,0.0,0.0,0,0.13755829965246286,0
94,54.70270079666667,25.221755606666665,30,0.1845649751955141,2,2,1,0,11,12,2,Viršuliškės,9.0,32.84050073150263,177.9346308621877,4014.037054284857,0.2267200686597053,0.542411672149907,0.2308682591903876,2.5272827250660392,1588.2817598810468,0.6271437258142741,30,162.54438291024763,101.18601235354087,0.6630073554975515,82.72166067825142,22.98229763428245,0.0,0.0,1,0.45977751031312963,1
11,54.64707163333333,25.139837833333335,15,0.2784879847448238,0,2,0,0,2,4,7,Paneriai,20.0,5.6211574381063185,20.184560002676378,8807.0,0.2650714010034735,0.6221536086453107,0.1127749903512157,78.13199109836523,112.71951317498512,0.0581114355229927,15,53.86228786044172,1570.7859541887642,0.0581114355229927,7.181638381392229,7.181638381392229,0.0,0.0,0,0.27968312324533917,0
47,54.7588894,25.219123628571428,7,0.0768293042505743,0,0,0,0,3,3,1,Fabijoniškės,4.0,50.52505746808272,657.6274243392625,37001.0,0.2531130529765155,0.541589295466958,0.2052976515565265,6.020352359924375,6145.985780882897,0.3385495510819686,7,91.1110684690038,1907.9635985622856,0.3385495510819686,39.0476007724302,0.0,0.0,0.0,0,0.23437948106375456,0
72,54.73776200393701,25.229627363779528,127,0.9438843029256728,1,14,2,0,47,53,7,Pašilaičiai,7.0,48.46011641837176,51.34116148363133,40384.0,0.3069339905415307,0.557894269410955,0.1351717400475143,8.082061121193773,4996.7451859650155,0.4425137670544916,124,134.55038886264936,119.04835437331084,0.4113736016647861,126.11201373037764,46.62468646474298,0.0,0.0,1,0.4921861730034162,1
27,54.64962025,25.19406045,8,0.0492440589193904,0,0,0,0,0,6,2,Vilkpėdė,18.0,25.451693644126212,516.848005681033,19310.0,0.2016750932025943,0.6008886165160104,0.1974362902813952,10.747060251439992,1796.7704235595652,0.1493562033409003,8,162.45614548336735,747.7272694754103,0.1493562033409003,0.0,59.050645746057505,0.0,0.0,0,0.15959924824462837,0
68,54.72459906538462,25.23913758525641,156,0.9819016742572658,3,21,0,1,58,68,3,Pašilaičiai,7.0,50.20935403638494,51.13480845662526,40384.0,0.3069339905415307,0.557894269410955,0.1351717400475143,8.082061121193773,4996.7451859650155,0.4425137670544916,154,158.8753783498762,394.4323385874875,0.5002297596491134,183.2893384062106,149.2163123921902,0.0,0.0,-1,0.38978363699185187,1
25,54.64360419090909,25.05371671363637,22,0.2564454861641408,1,1,0,0,7,10,3,Grigiškės,21.0,15.378197585781413,59.9667313931134,10486.0,0.235561323815704,0.5648465745805136,0.1995921016037823,7.009228254469938,1496.027753599385,0.0,22,85.78821303923694,3092.4922953029563,0.0,27.29624960339357,3.899464229056224,0.0,0.0,0,0.2308578749930049,0
80,54.69865462440477,25.255487280357144,168,0.987880277035411,8,32,1,1,50,56,19,Žvėrynas,6.0,56.42869478513102,57.12098530246121,12089.0,0.3000692520775623,0.5484764542936288,0.1514542936288088,2.6207114544034837,4612.869524299329,0.8713488905968868,167,170.0610933383155,256.64503230415465,0.8713488905968867,295.18402619092103,149.71777676218946,0.0,0.0,-1,0.22552219007517663,0
75,54.7074621,25.314427593782383,193,1.1650929167706507,20,19,1,1,51,77,12,Antakalnis,13.0,15.034113091761505,12.903788938510024,39128.0,0.2847511312217194,0.549185520361991,0.1660633484162895,77.15186977248901,507.1555636355083,0.0,181,165.65202416211426,127.37563140098102,0.0,43.77333280967786,16.30771222321332,0.0,0.0,1,0.4597299533335577,1
2,54.70864547173253,25.17962285075988,329,2.988439587726047,12,18,3,3,94,180,12,Pilaitė,12.0,17.911535279077707,5.993607952673017,21798.0,0.3030134418836208,0.593024277388936,0.1039622807274431,13.93352424654988,1564.4283251164877,0.0201049035317864,322,110.09089872562608,320.7904766115326,0.0201049035317864,31.454542493036023,6.023210264623919,0.0,0.0,-1,0.22770384820937414,0
10,54.6843251875,25.356723825,8,0.0590050275402652,0,4,0,0,1,3,0,Naujoji Vilnia,14.0,15.562566960993584,263.7498465766098,36502.0,0.2709707064905227,0.5830672027570362,0.1459620907524411,38.65558284421724,944.2879220604116,0.0,8,135.58166707982258,2603.425357681408,0.0,16.947708384977823,67.79083353991129,0.0,0.0,0,0.1986203552901314,0
37,54.64447637777778,25.33328138888889,18,0.2523989897738383,0,1,1,0,3,10,3,Rasos,15.0,27.96500358422035,110.79681265475092,12361.0,0.259793501366535,0.5954296993622836,0.1447767992711812,16.19235341738865,763.3850176914843,1.0,18,71.3156578642762,2077.842935806013,1.0,11.885942977379369,3.961980992459789,0.0,0.0,0,0.18410964599297872,0
66,54.707815800000006,25.33641644,5,0.0254631088625344,3,0,0,0,0,2,0,Antakalnis,13.0,17.24253909239405,677.1576552368343,39128.0,0.2847511312217194,0.549185520361991,0.1660633484162895,77.15186977248901,507.1555636355083,0.0,5,196.36251123117333,1406.4843508997928,0.0,0.0,0.0,0.0,0.0,0,0.19246893646024632,0
4,54.66992772686567,25.096170117910447,67,0.5279114624304867,5,5,0,2,27,24,2,Grigiškės,21.0,18.335687443480147,34.732504876979284,10486.0,0.235561323815704,0.5648465745805136,0.1995921016037823,7.009228254469938,1496.027753599385,0.0,65,126.91522114623965,2568.5856992411377,0.0,51.14493986490254,9.471285160167138,0.0,0.0,0,0.4393982109342966,1
29,54.754363976923074,25.278729463076925,65,0.8590676894031474,1,6,0,1,5,38,2,Verkiai,1.0,11.027488695303088,12.836577177014576,50754.0,0.277248058779327,0.5928195708441178,0.129932370376555,55.92561494759497,907.5269006439888,0.0,53,75.66342070804679,143.42065692484096,0.0,5.820263131388214,6.984315757665857,0.0,0.0,1,0.4210259428746379,1
35,54.69605526666667,25.43059906666667,6,0.0434121361028372,1,1,0,0,2,1,1,Naujoji Vilnia,14.0,15.751587726436592,362.8383475331256,36502.0,0.2709707064905227,0.5830672027570362,0.1459620907524411,38.65558284421724,944.2879220604116,0.0,6,138.2101996959295,1397.5587736013515,0.0,46.07006656530983,23.035033282654915,0.0,0.0,0,0.17717297661061832,0
40,54.66224995,25.191785110714285,28,0.3272141497085684,2,0,0,0,1,24,1,Lazdynai,11.0,24.11325985117853,73.69259511746323,23932.0,0.2434296365330848,0.5691829760795278,0.1873873873873874,9.95551425327569,2403.8939015255382,0.1743439950603415,28,85.5708716292925,1252.6370508243374,0.1743439950603415,3.0561025581890178,0.0,0.0,0.0,0,0.27563599905529435,0
6,54.625579921428574,25.109915753571432,28,0.2629372348482865,2,1,0,1,7,16,1,Paneriai,20.0,9.405625075776776,35.77136985259534,8807.0,0.2650714010034735,0.6221536086453107,0.1127749903512157,78.13199109836523,112.71951317498512,0.0581114355229927,28,106.4892920782249,168.91610519740075,0.0581114355229927,26.622323019556227,3.8031890027937463,0.0,0.0,-1,0.3607541935099314,1
56,54.75402483333334,25.41369225,6,0.0449265470343953,0,0,0,0,0,4,2,Antakalnis,13.0,12.725715546246915,283.2560342664269,39128.0,0.2847511312217194,0.549185520361991,0.1660633484162895,77.15186977248901,507.1555636355083,0.0,6,133.55132757935883,5309.418175396836,0.0,0.0,0.0,0.0,0.0,0,0.1610393155812566,0
31,54.65542728571429,25.14283103142857,35,0.3612249534394535,0,4,0,0,16,11,4,Paneriai,20.0,8.715511088529203,24.127655095649555,8807.0,0.2650714010034735,0.6221536086453107,0.1127749903512157,78.13199109836523,112.71951317498512,0.0581114355229927,35,96.89253100247544,798.0302197667626,0.0581114355229927,44.293728458274494,11.073432114568623,0.0,0.0,0,0.3522831032324462,1
33,54.64349344722222,25.203181788888887,36,0.3973825673735675,0,4,0,0,7,23,2,Vilkpėdė,18.0,20.283918960449103,51.043806713797785,19310.0,0.2016750932025943,0.6008886165160104,0.1974362902813952,10.747060251439992,1796.7704235595652,0.1493562033409003,36,90.59280138516364,198.57265400501635,0.1493562033409003,243.44646721441788,62.56023182957629,0.0,0.0,-1,0.30995963596148285,1
153,54.729681428571425,25.263728133333338,21,0.1163520434308109,5,0,0,0,1,14,1,Verkiai,1.0,18.56545200027814,159.5627498482065,50754.0,0.277248058779327,0.5928195708441178,0.129932370376555,55.92561494759497,907.5269006439888,0.0,21,180.4867313094309,434.2322497591582,0.0,30.96963202930673,21.16529797458196,0.0,0.0,-1,0.31683280958976834,1
7,54.78055651351352,25.275948732432433,37,0.1927718296233599,0,5,0,0,22,6,4,Verkiai,1.0,19.388836418155417,100.57920006277668,50754.0,0.277248058779327,0.5928195708441178,0.129932370376555,55.92561494759497,907.5269006439888,0.0,37,191.93675793963817,205.00598166792383,0.0,114.12455877492,25.937399721572728,0.0,0.0,-1,0.36159835615924507,1
20,54.60663612105264,25.386721868421052,19,0.3034859779806676,1,1,0,1,5,9,1,Rasos,15.0,27.338671974883987,90.0821585128572,12361.0,0.259793501366535,0.5954296993622836,0.1447767992711812,16.19235341738865,763.3850176914843,1.0,18,62.60585786012928,6806.475260233049,1.0,16.475225752665597,3.2950451505331197,0.0,0.0,0,0.19091342747480472,0
131,54.63600619210526,25.26383054210526,38,0.3252595780122454,0,3,0,0,2,31,2,Naujininkai,19.0,12.5924270666296,38.71500769811464,30129.0,0.2088405756911899,0.6341199633953578,0.1570394609134522,44.252349054898126,680.8452125925083,0.0,38,116.82976480578652,1045.2046263133434,0.0,86.55405064086435,17.509592430683018,0.0,0.0,0,0.290721954342439,0
36,54.69347464166666,25.399387216666668,12,0.2790396273665832,0,2,0,1,2,4,3,Naujoji Vilnia,14.0,8.905248140904353,31.91391926998686,36502.0,0.2709707064905227,0.5830672027570362,0.1459620907524411,38.65558284421724,944.2879220604116,0.0,12,43.00464458488979,665.037460897431,0.0,7.167440764148299,7.167440764148299,0.0,0.0,0,0.18838032055499143,0
57,54.63007158571429,25.12768492857143,7,0.0695890345268893,0,0,0,0,0,5,2,Paneriai,20.0,8.981440601955187,129.06402083340797,8807.0,0.2650714010034735,0.6221536086453107,0.1127749903512157,78.13199109836523,112.71951317498512,0.0581114355229927,7,100.59056067655588,1264.0399206798368,0.0581114355229927,0.0,0.0,0.0,0.0,0,0.19900436160850413,0
12,54.6662273,25.1616369,13,0.0687762509424794,0,1,0,0,4,6,2,Paneriai,20.0,15.34041108954531,223.04808533944615,8807.0,0.2650714010034735,0.6221536086453107,0.1127749903512157,78.13199109836523,112.71951317498512,0.0581114355229927,13,189.0187357096925,869.0896952150382,0.0581114355229927,58.15961098759768,14.53990274689942,0.0,0.0,0,0.2248405305633587,0
14,54.658354941666666,25.1593631875,24,0.3654815035493489,0,5,0,0,7,10,2,Paneriai,20.0,6.470033154652958,17.70276496025016,8807.0,0.2650714010034735,0.6221536086453107,0.1127749903512157,78.13199109836523,112.71951317498512,0.0581114355229927,24,65.66679781856435,132.02898658173453,0.0581114355229927,19.1528160304146,13.680582878867572,0.0,0.0,1,0.3295839018832,1
5,54.728917569230774,25.37470272307693,13,0.1935596898047133,3,1,0,0,1,6,2,Antakalnis,13.0,7.95163714771922,41.081059572588714,39128.0,0.2847511312217194,0.549185520361991,0.1660633484162895,77.15186977248901,507.1555636355083,0.0,13,67.16274454208927,2124.9393480924273,0.0,5.166364964776098,5.166364964776098,0.0,0.0,0,0.21934184773131263,0
9,54.652202114000005,25.301411046,50,1.2436584489668232,0,3,1,0,5,39,2,Naujininkai,19.0,7.082178741061519,5.694633238687906,30129.0,0.2088405756911899,0.6341199633953578,0.1570394609134522,44.252349054898126,680.8452125925083,0.0,50,40.20396439355018,168.77822316478188,0.0,4.020396439355018,2.41223786361301,0.0,0.0,-1,0.29595804565456385,0
30,54.76668431803279,25.19710688032787,61,1.509238221359795,1,1,0,0,13,38,8,Pašilaičiai,7.0,41.6909308334906,27.623823889066273,40384.0,0.3069339905415307,0.557894269410955,0.1351717400475143,8.082061121193773,4996.7451859650155,0.4425137670544916,61,40.41774130596835,3228.687086442139,0.4425137670544916,8.613616999632601,0.6625859230486616,0.0,0.0,0,0.42812870075217285,1
41,54.60506162631579,25.25977925263158,19,0.14411987513337,2,3,0,0,9,3,2,Naujininkai,19.0,13.671448745771896,94.86164717475782,30129.0,0.2088405756911899,0.6341199633953578,0.1570394609134522,44.252349054898126,680.8452125925083,0.0,19,131.8346965150865,56.56409264276562,0.0,62.448014138725206,20.8160047129084,0.0,0.0,1,0.4101405922063865,1
